-- MySQL dump 10.13  Distrib 5.7.12, for Win64 (x86_64)
--
-- Host: localhost    Database: bootdemo
-- ------------------------------------------------------
-- Server version	5.6.35-log

/*!40101 SET @OLD_CHARACTER_SET_CLIENT=@@CHARACTER_SET_CLIENT */;
/*!40101 SET @OLD_CHARACTER_SET_RESULTS=@@CHARACTER_SET_RESULTS */;
/*!40101 SET @OLD_COLLATION_CONNECTION=@@COLLATION_CONNECTION */;
/*!40101 SET NAMES utf8 */;
/*!40103 SET @OLD_TIME_ZONE=@@TIME_ZONE */;
/*!40103 SET TIME_ZONE='+00:00' */;
/*!40014 SET @OLD_UNIQUE_CHECKS=@@UNIQUE_CHECKS, UNIQUE_CHECKS=0 */;
/*!40014 SET @OLD_FOREIGN_KEY_CHECKS=@@FOREIGN_KEY_CHECKS, FOREIGN_KEY_CHECKS=0 */;
/*!40101 SET @OLD_SQL_MODE=@@SQL_MODE, SQL_MODE='NO_AUTO_VALUE_ON_ZERO' */;
/*!40111 SET @OLD_SQL_NOTES=@@SQL_NOTES, SQL_NOTES=0 */;

--
-- Table structure for table `article`
--

DROP TABLE IF EXISTS `article`;
/*!40101 SET @saved_cs_client     = @@character_set_client */;
/*!40101 SET character_set_client = utf8 */;
CREATE TABLE `article` (
  `id` int(22) unsigned NOT NULL AUTO_INCREMENT,
  `title` varchar(255) NOT NULL,
  `content` text NOT NULL,
  `status` int(11) unsigned DEFAULT '0',
  `description` varchar(255) DEFAULT NULL,
  `createTime` timestamp NULL DEFAULT CURRENT_TIMESTAMP ON UPDATE CURRENT_TIMESTAMP,
  `updateTime` timestamp NULL DEFAULT CURRENT_TIMESTAMP,
  `typeId` int(22) unsigned NOT NULL,
  `comment` tinyint(1) unsigned zerofill DEFAULT '1',
  `top` tinyint(1) unsigned DEFAULT '0',
  `order` int(10) unsigned DEFAULT '0',
  `look` int(11) DEFAULT '0',
  `favorate` int(11) DEFAULT '0',
  `contentHTML` text NOT NULL,
  PRIMARY KEY (`id`)
) ENGINE=InnoDB AUTO_INCREMENT=207 DEFAULT CHARSET=utf8mb4;
/*!40101 SET character_set_client = @saved_cs_client */;

--
-- Dumping data for table `article`
--

LOCK TABLES `article` WRITE;
/*!40000 ALTER TABLE `article` DISABLE KEYS */;
INSERT INTO `article` VALUES (110,'test','# OneBlog简介\r\n    OneBlog是一款简洁美观、自适应的Java博客系统。使用springboot开发，前端使用Bootstrap。支持移动端自适应，配有完备的前台和后台管理功能。\r\n\r\n    **网站预览**\r\n\r\n    [https://www.zhyd.me](https://www.zhyd.me)\r\n\r\n    **开源地址**\r\n    1. [Gitee](https://gitee.com/yadong.zhang/DBlog)\r\n    2. [Github](https://github.com/zhangyd-c/DBlog)\r\n\r\n    ## 写在前面的话\r\n    ps: 虽然我知道，大部分人都是来了**直接下载源代码**后就潇洒的离开，并且只有等到下次**突然想到**“我天~~我得去看看OneBlog这烂项目更新新功能了吗”的时候才会重新来到这儿，即使你重新来过，我估计你也只有两个选择：\r\n\r\n    发现更新代码了 --> 下载源码后重复上面的步骤\r\n    发现没更新代码 --> 直接关闭浏览器\r\n\r\n    虽然我知道现实就是如此的残酷，但我还是要以我萤虫之力对各位到来的同仁发出一声诚挚的嘶吼：\r\n\r\n    **如果喜欢，请多多分享！！多多Star！！fork可以，但还是请star一下！！**\r\n\r\n\r\n    ### 开发环境\r\n\r\n    | 工具    | 版本或描述                |\r\n    | ----- | -------------------- |\r\n    | OS    | Windows 7            |\r\n    | JDK   | 1.7+                 |\r\n    | IDE   | IntelliJ IDEA 2017.3 |\r\n    | Maven | 3.3.1                |\r\n    | MySQL | 5.6.4                |\r\n\r\n    ### 模块划分\r\n\r\n    | 模块         | 释义                      |\r\n    | ---------- | ----------------------- |\r\n    | blog-core  | 核心业务类模块，提供基本的数据操作、工具处理等 |\r\n    | blog-admin | 后台管理模块                  |\r\n    | blog-web   | 前台模块                    |\r\n\r\n\r\n    ### 技术栈\r\n\r\n    - Springboot 1.5.9\r\n    - Apache Shiro 1.2.2\r\n    - Logback\r\n    - Redis\r\n    - Lombok\r\n    - Websocket\r\n    - MySQL、Mybatis、Mapper、Pagehelper\r\n    - Freemarker\r\n    - Bootstrap 3.3.0\r\n    - wangEditor\r\n    - jQuery 1.11.1、jQuery Lazyload 1.9.7、fancybox、iCheck\r\n    - 阿里云OSS\r\n    - kaptcha\r\n    - Qiniu\r\n    - ...\r\n\r\n\r\n    ### 使用方法\r\n\r\n    1. 使用IDE导入本项目\r\n    2. 新建数据库`CREATE DATABASE dblog;`\r\n    3. 导入数据库`docs/db/dblog.sql`\r\n    4. 修改(`resources/application.yml`)配置文件\r\n    1. 数据库链接属性(可搜索`datasource`或定位到L.19)\r\n    2. redis配置(可搜索`redis`或定位到L.69)\r\n    3. mail配置(可搜索`mail`或定位到L.89)\r\n    4. 【[七牛云](http://qiniu.com)】配置(见sys_config表中qiniu_*开头的字段)\r\n    注：因为系统存在redis缓存，如果是第一次使用，可以直接修改sys_config表内容，如果不是第一次用，建议使用admin项目中的`系统配置`页面修改相关配置内容\r\n    5. 运行项目(三种方式)\r\n    1. 项目根目录下执行`mvn -X clean package -Dmaven.test.skip=true`编译打包，然后执行`java -jar target/blog-web.jar`\r\n    2. 项目根目录下执行`mvn springboot:run`\r\n    3. 直接运行`BlogWebApplication.java`\r\n    6. 浏览器访问`http://127.0.0.1:8443`\r\n\r\n\r\n    **后台用户**\r\n\r\n    _超级管理员_： 账号：root  密码：123456  （本地测试使用这个账号，admin没设置权限）\r\n\r\n    _普通管理员_： 账号：admin  密码：123456\r\n\r\n    _评论审核管理员_： 账号：comment-admin  密码：123456\r\n\r\n    注：后台用户的创建，尽可能做到**权限最小化**\r\n\r\n    更多详情，请参考【[Wiki](https://gitee.com/yadong.zhang/DBlog/wikis)】\r\n\r\n    ### 更新日志\r\n\r\n    2018-06-10\r\n\r\n    **修改功能：**\r\n\r\n    新增：\r\n    markdown版的编辑器、评论框\r\n    控制文章的评论框是否显示\r\n    修改密码功能\r\n    优化：相关页面进行优化\r\n\r\n    2018-06-05\r\n\r\n    **修改功能：**\r\n\r\n    修复： admin用户首页报错的问题\r\n\r\n    优化：\r\n    1. ROOT用户默认拥有所有权限\r\n    2. admin页面改为macro引用的方式\r\n    3. 登录界面\r\n    4. 日志记录\r\n\r\n    2018-05-25\r\n\r\n    **修改功能：**\r\n\r\n    1. 修复后台标签等分页失败的问题\r\n    2. 修复前台自动申请友链失败的问题\r\n    3. 其他一些问题\r\n\r\n\r\n    2018-05-22\r\n\r\n    **修改功能：**\r\n\r\n    1. 完善shiro权限（数据库、页面）。注：需要重新执行下`sys_resources`和`sys_role_resources`两张表的`insert`语句\r\n    2. redis配置默认不含密码（鉴于大多数朋友的redis都没有密码做此修改，不过本人 **强烈建议**设置下密码）\r\n\r\n    2018-05-18\r\n\r\n    **修复bug：**\r\n\r\n    1. web端自动申请友链后不显示的问题\r\n    2. config表修改后不能实时刷新的问题\r\n\r\n    **增加功能：**\r\n    1. 网站赞赏码\r\n    2. 百度推送功能(链接提交到百度站长平台)\r\n\r\n    **修改功能：**\r\n    1. 百度api的ak和百度推送的token以及七牛云的配置改为通过config表管理\r\n    3. admin模块菜单通过标签实时获取\r\n    3. 弹窗工具类js结构调整\r\n\r\n    你能看到这儿已经很不容易了，剩下的自己先摸索摸索吧，实在不行，加QQ群[190886500](http://shang.qq.com/wpa/qunwpa?idkey=9f986e9b33b1de953e1ef9a96cdeec990affd0ac7855e00ff103514de2027b60)，进群可以选择性的备注：~~欧巴群主我爱你~~(咳咳，鉴于部分群友的抗议，该备注就不用了)，麻烦大家换成：`我猜群主一定很帅`\r\n\r\n    ### 图片预览\r\n\r\n    **前台页面**\r\n    ![PC-首页](https://gitee.com/yadong.zhang/DBlog/raw/master/docs/img/pc-index.png?v=1.0)\r\n    ![PC-文章详情页](https://gitee.com/yadong.zhang/DBlog/raw/master/docs/img/pc-detail.png?v=1.0)\r\n    ![手机](https://gitee.com/yadong.zhang/DBlog/raw/master/docs/img/m.png?v=1.0)\r\n    **后台页面**\r\n    ![首页](https://gitee.com/yadong.zhang/DBlog/raw/master/docs/img/admin-index.png?v=1.0)\r\n    ![菜单](https://gitee.com/yadong.zhang/DBlog/raw/master/docs/img/admin-menu.png?v=1.0)\r\n    ![文章列表](https://gitee.com/yadong.zhang/DBlog/raw/master/docs/img/admin-articles.png?v=1.0)\r\n    ![发表文章](https://gitee.com/yadong.zhang/DBlog/raw/master/docs/img/admin-article2.png?v=1.0)\r\n    ![markdown版的编辑器](https://gitee.com/uploads/images/2018/0610/145228_06541ada_784199.png?v=1.0 \"markdown版的编辑器\")\r\n    ![角色列表](https://gitee.com/yadong.zhang/DBlog/raw/master/docs/img/admin-role.png?v=1.0)\r\n    ![角色分配](https://gitee.com/yadong.zhang/DBlog/raw/master/docs/img/admin-role2.png?v=1.0)\r\n\r\n\r\n    ### 生命不息，折腾不止！ 更多信息，请关注：\r\n    1. [我的博客](https://www.zhyd.me)\r\n    2. [我的微博](http://weibo.com/211230415)\r\n    3. [我的头条号](http://www.toutiao.com/c/user/3286958681/)\r\n    4. [我的mooc](http://www.imooc.com/u/1175248/articles)\r\n\r\n    ### 有任何问题可以\r\n    - [给我留言](https://www.zhyd.me/guestbook)\r\n\r\n\r\n    ### 开源协议\r\n\r\n    [MIT](https://gitee.com/yadong.zhang/OneBlog/blob/master/LICENSE)',1,'这是第10篇文章','2019-04-26 06:41:06',NULL,4,1,NULL,NULL,0,0,''),(111,'test','哦哦对是哦',0,'这是第11篇文章','2019-04-14 13:13:17','2019-04-14 13:13:21',1,1,0,NULL,0,0,''),(112,'test','哦哦对是哦',0,'这是第12篇文章','2019-04-14 13:13:17','2019-04-14 13:13:21',1,1,1,NULL,0,0,''),(113,'test','哦哦对是哦',0,'这是第13篇文章','2019-04-14 13:13:17','2019-04-14 13:13:21',1,1,0,NULL,0,0,''),(114,'test','哦哦对是哦',0,'这是第14篇文章','2019-04-14 13:13:17','2019-04-14 13:13:21',1,1,0,NULL,0,0,''),(115,'test','哦哦对是哦',0,'这是第15篇文章','2019-04-14 13:13:17','2019-04-14 13:13:21',1,1,0,NULL,0,0,''),(116,'test','哦哦对是哦',0,'这是第16篇文章','2019-04-14 13:13:17','2019-04-14 13:13:21',1,1,0,NULL,0,0,''),(117,'test','# OneBlog简介\r\n    OneBlog是一款简洁美观、自适应的Java博客系统。使用springboot开发，前端使用Bootstrap。支持移动端自适应，配有完备的前台和后台管理功能。\r\n\r\n    **网站预览**\r\n\r\n    [https://www.zhyd.me](https://www.zhyd.me)\r\n\r\n    **开源地址**\r\n    1. [Gitee](https://gitee.com/yadong.zhang/DBlog)\r\n    2. [Github](https://github.com/zhangyd-c/DBlog)\r\n\r\n    ## 写在前面的话\r\n    ps: 虽然我知道，大部分人都是来了**直接下载源代码**后就潇洒的离开，并且只有等到下次**突然想到**“我天~~我得去看看OneBlog这烂项目更新新功能了吗”的时候才会重新来到这儿，即使你重新来过，我估计你也只有两个选择：\r\n\r\n    发现更新代码了 --> 下载源码后重复上面的步骤\r\n    发现没更新代码 --> 直接关闭浏览器\r\n\r\n    虽然我知道现实就是如此的残酷，但我还是要以我萤虫之力对各位到来的同仁发出一声诚挚的嘶吼：\r\n\r\n    **如果喜欢，请多多分享！！多多Star！！fork可以，但还是请star一下！！**\r\n\r\n\r\n    ### 开发环境\r\n\r\n    | 工具    | 版本或描述                |\r\n    | ----- | -------------------- |\r\n    | OS    | Windows 7            |\r\n    | JDK   | 1.7+                 |\r\n    | IDE   | IntelliJ IDEA 2017.3 |\r\n    | Maven | 3.3.1                |\r\n    | MySQL | 5.6.4                |\r\n\r\n    ### 模块划分\r\n\r\n    | 模块         | 释义                      |\r\n    | ---------- | ----------------------- |\r\n    | blog-core  | 核心业务类模块，提供基本的数据操作、工具处理等 |\r\n    | blog-admin | 后台管理模块                  |\r\n    | blog-web   | 前台模块                    |\r\n\r\n\r\n    ### 技术栈\r\n\r\n    - Springboot 1.5.9\r\n    - Apache Shiro 1.2.2\r\n    - Logback\r\n    - Redis\r\n    - Lombok\r\n    - Websocket\r\n    - MySQL、Mybatis、Mapper、Pagehelper\r\n    - Freemarker\r\n    - Bootstrap 3.3.0\r\n    - wangEditor\r\n    - jQuery 1.11.1、jQuery Lazyload 1.9.7、fancybox、iCheck\r\n    - 阿里云OSS\r\n    - kaptcha\r\n    - Qiniu\r\n    - ...\r\n\r\n\r\n    ### 使用方法\r\n\r\n    1. 使用IDE导入本项目\r\n    2. 新建数据库`CREATE DATABASE dblog;`\r\n    3. 导入数据库`docs/db/dblog.sql`\r\n    4. 修改(`resources/application.yml`)配置文件\r\n    1. 数据库链接属性(可搜索`datasource`或定位到L.19)\r\n    2. redis配置(可搜索`redis`或定位到L.69)\r\n    3. mail配置(可搜索`mail`或定位到L.89)\r\n    4. 【[七牛云](http://qiniu.com)】配置(见sys_config表中qiniu_*开头的字段)\r\n    注：因为系统存在redis缓存，如果是第一次使用，可以直接修改sys_config表内容，如果不是第一次用，建议使用admin项目中的`系统配置`页面修改相关配置内容\r\n    5. 运行项目(三种方式)\r\n    1. 项目根目录下执行`mvn -X clean package -Dmaven.test.skip=true`编译打包，然后执行`java -jar target/blog-web.jar`\r\n    2. 项目根目录下执行`mvn springboot:run`\r\n    3. 直接运行`BlogWebApplication.java`\r\n    6. 浏览器访问`http://127.0.0.1:8443`\r\n\r\n\r\n    **后台用户**\r\n\r\n    _超级管理员_： 账号：root  密码：123456  （本地测试使用这个账号，admin没设置权限）\r\n\r\n    _普通管理员_： 账号：admin  密码：123456\r\n\r\n    _评论审核管理员_： 账号：comment-admin  密码：123456\r\n\r\n    注：后台用户的创建，尽可能做到**权限最小化**\r\n\r\n    更多详情，请参考【[Wiki](https://gitee.com/yadong.zhang/DBlog/wikis)】\r\n\r\n    ### 更新日志\r\n\r\n    2018-06-10\r\n\r\n    **修改功能：**\r\n\r\n    新增：\r\n    markdown版的编辑器、评论框\r\n    控制文章的评论框是否显示\r\n    修改密码功能\r\n    优化：相关页面进行优化\r\n\r\n    2018-06-05\r\n\r\n    **修改功能：**\r\n\r\n    修复： admin用户首页报错的问题\r\n\r\n    优化：\r\n    1. ROOT用户默认拥有所有权限\r\n    2. admin页面改为macro引用的方式\r\n    3. 登录界面\r\n    4. 日志记录\r\n\r\n    2018-05-25\r\n\r\n    **修改功能：**\r\n\r\n    1. 修复后台标签等分页失败的问题\r\n    2. 修复前台自动申请友链失败的问题\r\n    3. 其他一些问题\r\n\r\n\r\n    2018-05-22\r\n\r\n    **修改功能：**\r\n\r\n    1. 完善shiro权限（数据库、页面）。注：需要重新执行下`sys_resources`和`sys_role_resources`两张表的`insert`语句\r\n    2. redis配置默认不含密码（鉴于大多数朋友的redis都没有密码做此修改，不过本人 **强烈建议**设置下密码）\r\n\r\n    2018-05-18\r\n\r\n    **修复bug：**\r\n\r\n    1. web端自动申请友链后不显示的问题\r\n    2. config表修改后不能实时刷新的问题\r\n\r\n    **增加功能：**\r\n    1. 网站赞赏码\r\n    2. 百度推送功能(链接提交到百度站长平台)\r\n\r\n    **修改功能：**\r\n    1. 百度api的ak和百度推送的token以及七牛云的配置改为通过config表管理\r\n    3. admin模块菜单通过标签实时获取\r\n    3. 弹窗工具类js结构调整\r\n\r\n    你能看到这儿已经很不容易了，剩下的自己先摸索摸索吧，实在不行，加QQ群[190886500](http://shang.qq.com/wpa/qunwpa?idkey=9f986e9b33b1de953e1ef9a96cdeec990affd0ac7855e00ff103514de2027b60)，进群可以选择性的备注：~~欧巴群主我爱你~~(咳咳，鉴于部分群友的抗议，该备注就不用了)，麻烦大家换成：`我猜群主一定很帅`\r\n\r\n    ### 图片预览\r\n\r\n    **前台页面**\r\n    ![PC-首页](https://gitee.com/yadong.zhang/DBlog/raw/master/docs/img/pc-index.png?v=1.0)\r\n    ![PC-文章详情页](https://gitee.com/yadong.zhang/DBlog/raw/master/docs/img/pc-detail.png?v=1.0)\r\n    ![手机](https://gitee.com/yadong.zhang/DBlog/raw/master/docs/img/m.png?v=1.0)\r\n    **后台页面**\r\n    ![首页](https://gitee.com/yadong.zhang/DBlog/raw/master/docs/img/admin-index.png?v=1.0)\r\n    ![菜单](https://gitee.com/yadong.zhang/DBlog/raw/master/docs/img/admin-menu.png?v=1.0)\r\n    ![文章列表](https://gitee.com/yadong.zhang/DBlog/raw/master/docs/img/admin-articles.png?v=1.0)\r\n    ![发表文章](https://gitee.com/yadong.zhang/DBlog/raw/master/docs/img/admin-article2.png?v=1.0)\r\n    ![markdown版的编辑器](https://gitee.com/uploads/images/2018/0610/145228_06541ada_784199.png?v=1.0 \"markdown版的编辑器\")\r\n    ![角色列表](https://gitee.com/yadong.zhang/DBlog/raw/master/docs/img/admin-role.png?v=1.0)\r\n    ![角色分配](https://gitee.com/yadong.zhang/DBlog/raw/master/docs/img/admin-role2.png?v=1.0)\r\n\r\n\r\n    ### 生命不息，折腾不止！ 更多信息，请关注：\r\n    1. [我的博客](https://www.zhyd.me)\r\n    2. [我的微博](http://weibo.com/211230415)\r\n    3. [我的头条号](http://www.toutiao.com/c/user/3286958681/)\r\n    4. [我的mooc](http://www.imooc.com/u/1175248/articles)\r\n\r\n    ### 有任何问题可以\r\n    - [给我留言](https://www.zhyd.me/guestbook)\r\n\r\n\r\n    ### 开源协议\r\n\r\n    [MIT](https://gitee.com/yadong.zhang/OneBlog/blob/master/LICENSE)',0,'这是第17篇文章','2019-04-26 06:41:06','2019-04-14 13:13:21',1,1,1,NULL,0,0,''),(118,'test','哦哦对是哦',0,'这是第18篇文章','2019-04-14 13:13:17','2019-04-14 13:13:21',1,1,0,NULL,0,0,''),(119,'test','    ## Try CommonMark\r\n\r\n    You can try CommonMark here.  This dingus is powered by\r\n    [commonmark.js](https://github.com/jgm/commonmark.js), the\r\n    JavaScript reference implementation.\r\n\r\n    1. item one\r\n    2. item two\r\n    - sublist\r\n    - sublist\r\n',0,'这是第19篇文章','2019-04-26 06:41:06','2019-04-14 13:13:21',1,1,0,NULL,0,0,''),(120,'test','哦哦对是哦',0,'这是第20篇文章','2019-04-14 13:13:17','2019-04-14 13:13:21',1,1,0,NULL,0,0,''),(121,'test','# OneBlog简介\r\n    OneBlog是一款简洁美观、自适应的Java博客系统。使用springboot开发，前端使用Bootstrap。支持移动端自适应，配有完备的前台和后台管理功能。\r\n\r\n    **网站预览**\r\n\r\n    [https://www.zhyd.me](https://www.zhyd.me)\r\n\r\n    **开源地址**\r\n    1. [Gitee](https://gitee.com/yadong.zhang/DBlog)\r\n    2. [Github](https://github.com/zhangyd-c/DBlog)\r\n\r\n    ## 写在前面的话\r\n    ps: 虽然我知道，大部分人都是来了**直接下载源代码**后就潇洒的离开，并且只有等到下次**突然想到**“我天~~我得去看看OneBlog这烂项目更新新功能了吗”的时候才会重新来到这儿，即使你重新来过，我估计你也只有两个选择：\r\n\r\n    发现更新代码了 --> 下载源码后重复上面的步骤\r\n    发现没更新代码 --> 直接关闭浏览器\r\n\r\n    虽然我知道现实就是如此的残酷，但我还是要以我萤虫之力对各位到来的同仁发出一声诚挚的嘶吼：\r\n\r\n    **如果喜欢，请多多分享！！多多Star！！fork可以，但还是请star一下！！**\r\n\r\n\r\n    ### 开发环境\r\n\r\n    | 工具    | 版本或描述                |\r\n    | ----- | -------------------- |\r\n    | OS    | Windows 7            |\r\n    | JDK   | 1.7+                 |\r\n    | IDE   | IntelliJ IDEA 2017.3 |\r\n    | Maven | 3.3.1                |\r\n    | MySQL | 5.6.4                |\r\n\r\n    ### 模块划分\r\n\r\n    | 模块         | 释义                      |\r\n    | ---------- | ----------------------- |\r\n    | blog-core  | 核心业务类模块，提供基本的数据操作、工具处理等 |\r\n    | blog-admin | 后台管理模块                  |\r\n    | blog-web   | 前台模块                    |\r\n\r\n\r\n    ### 技术栈\r\n\r\n    - Springboot 1.5.9\r\n    - Apache Shiro 1.2.2\r\n    - Logback\r\n    - Redis\r\n    - Lombok\r\n    - Websocket\r\n    - MySQL、Mybatis、Mapper、Pagehelper\r\n    - Freemarker\r\n    - Bootstrap 3.3.0\r\n    - wangEditor\r\n    - jQuery 1.11.1、jQuery Lazyload 1.9.7、fancybox、iCheck\r\n    - 阿里云OSS\r\n    - kaptcha\r\n    - Qiniu\r\n    - ...\r\n\r\n\r\n    ### 使用方法\r\n\r\n    1. 使用IDE导入本项目\r\n    2. 新建数据库`CREATE DATABASE dblog;`\r\n    3. 导入数据库`docs/db/dblog.sql`\r\n    4. 修改(`resources/application.yml`)配置文件\r\n    1. 数据库链接属性(可搜索`datasource`或定位到L.19)\r\n    2. redis配置(可搜索`redis`或定位到L.69)\r\n    3. mail配置(可搜索`mail`或定位到L.89)\r\n    4. 【[七牛云](http://qiniu.com)】配置(见sys_config表中qiniu_*开头的字段)\r\n    注：因为系统存在redis缓存，如果是第一次使用，可以直接修改sys_config表内容，如果不是第一次用，建议使用admin项目中的`系统配置`页面修改相关配置内容\r\n    5. 运行项目(三种方式)\r\n    1. 项目根目录下执行`mvn -X clean package -Dmaven.test.skip=true`编译打包，然后执行`java -jar target/blog-web.jar`\r\n    2. 项目根目录下执行`mvn springboot:run`\r\n    3. 直接运行`BlogWebApplication.java`\r\n    6. 浏览器访问`http://127.0.0.1:8443`\r\n\r\n\r\n    **后台用户**\r\n\r\n    _超级管理员_： 账号：root  密码：123456  （本地测试使用这个账号，admin没设置权限）\r\n\r\n    _普通管理员_： 账号：admin  密码：123456\r\n\r\n    _评论审核管理员_： 账号：comment-admin  密码：123456\r\n\r\n    注：后台用户的创建，尽可能做到**权限最小化**\r\n\r\n    更多详情，请参考【[Wiki](https://gitee.com/yadong.zhang/DBlog/wikis)】\r\n\r\n    ### 更新日志\r\n\r\n    2018-06-10\r\n\r\n    **修改功能：**\r\n\r\n    新增：\r\n    markdown版的编辑器、评论框\r\n    控制文章的评论框是否显示\r\n    修改密码功能\r\n    优化：相关页面进行优化\r\n\r\n    2018-06-05\r\n\r\n    **修改功能：**\r\n\r\n    修复： admin用户首页报错的问题\r\n\r\n    优化：\r\n    1. ROOT用户默认拥有所有权限\r\n    2. admin页面改为macro引用的方式\r\n    3. 登录界面\r\n    4. 日志记录\r\n\r\n    2018-05-25\r\n\r\n    **修改功能：**\r\n\r\n    1. 修复后台标签等分页失败的问题\r\n    2. 修复前台自动申请友链失败的问题\r\n    3. 其他一些问题\r\n\r\n\r\n    2018-05-22\r\n\r\n    **修改功能：**\r\n\r\n    1. 完善shiro权限（数据库、页面）。注：需要重新执行下`sys_resources`和`sys_role_resources`两张表的`insert`语句\r\n    2. redis配置默认不含密码（鉴于大多数朋友的redis都没有密码做此修改，不过本人 **强烈建议**设置下密码）\r\n\r\n    2018-05-18\r\n\r\n    **修复bug：**\r\n\r\n    1. web端自动申请友链后不显示的问题\r\n    2. config表修改后不能实时刷新的问题\r\n\r\n    **增加功能：**\r\n    1. 网站赞赏码\r\n    2. 百度推送功能(链接提交到百度站长平台)\r\n\r\n    **修改功能：**\r\n    1. 百度api的ak和百度推送的token以及七牛云的配置改为通过config表管理\r\n    3. admin模块菜单通过标签实时获取\r\n    3. 弹窗工具类js结构调整\r\n\r\n    你能看到这儿已经很不容易了，剩下的自己先摸索摸索吧，实在不行，加QQ群[190886500](http://shang.qq.com/wpa/qunwpa?idkey=9f986e9b33b1de953e1ef9a96cdeec990affd0ac7855e00ff103514de2027b60)，进群可以选择性的备注：~~欧巴群主我爱你~~(咳咳，鉴于部分群友的抗议，该备注就不用了)，麻烦大家换成：`我猜群主一定很帅`\r\n\r\n    ### 图片预览\r\n\r\n    **前台页面**\r\n    ![PC-首页](https://gitee.com/yadong.zhang/DBlog/raw/master/docs/img/pc-index.png?v=1.0)\r\n    ![PC-文章详情页](https://gitee.com/yadong.zhang/DBlog/raw/master/docs/img/pc-detail.png?v=1.0)\r\n    ![手机](https://gitee.com/yadong.zhang/DBlog/raw/master/docs/img/m.png?v=1.0)\r\n    **后台页面**\r\n    ![首页](https://gitee.com/yadong.zhang/DBlog/raw/master/docs/img/admin-index.png?v=1.0)\r\n    ![菜单](https://gitee.com/yadong.zhang/DBlog/raw/master/docs/img/admin-menu.png?v=1.0)\r\n    ![文章列表](https://gitee.com/yadong.zhang/DBlog/raw/master/docs/img/admin-articles.png?v=1.0)\r\n    ![发表文章](https://gitee.com/yadong.zhang/DBlog/raw/master/docs/img/admin-article2.png?v=1.0)\r\n    ![markdown版的编辑器](https://gitee.com/uploads/images/2018/0610/145228_06541ada_784199.png?v=1.0 \"markdown版的编辑器\")\r\n    ![角色列表](https://gitee.com/yadong.zhang/DBlog/raw/master/docs/img/admin-role.png?v=1.0)\r\n    ![角色分配](https://gitee.com/yadong.zhang/DBlog/raw/master/docs/img/admin-role2.png?v=1.0)\r\n\r\n\r\n    ### 生命不息，折腾不止！ 更多信息，请关注：\r\n    1. [我的博客](https://www.zhyd.me)\r\n    2. [我的微博](http://weibo.com/211230415)\r\n    3. [我的头条号](http://www.toutiao.com/c/user/3286958681/)\r\n    4. [我的mooc](http://www.imooc.com/u/1175248/articles)\r\n\r\n    ### 有任何问题可以\r\n    - [给我留言](https://www.zhyd.me/guestbook)\r\n\r\n\r\n    ### 开源协议\r\n\r\n    [MIT](https://gitee.com/yadong.zhang/OneBlog/blob/master/LICENSE)',0,'这是第21篇文章','2019-04-26 06:41:06','2019-04-14 13:13:21',1,1,0,NULL,0,0,''),(122,'test','哦哦对是哦',0,'这是第22篇文章','2019-04-14 13:13:17','2019-04-14 13:13:21',1,1,0,NULL,0,0,''),(123,'test','哦哦对是哦',0,'这是第23篇文章','2019-04-14 13:13:17','2019-04-14 13:13:21',1,1,0,NULL,0,0,''),(124,'test','# OneBlog简介\r\n    OneBlog是一款简洁美观、自适应的Java博客系统。使用springboot开发，前端使用Bootstrap。支持移动端自适应，配有完备的前台和后台管理功能。\r\n\r\n    **网站预览**\r\n\r\n    [https://www.zhyd.me](https://www.zhyd.me)\r\n\r\n    **开源地址**\r\n    1. [Gitee](https://gitee.com/yadong.zhang/DBlog)\r\n    2. [Github](https://github.com/zhangyd-c/DBlog)\r\n\r\n    ## 写在前面的话\r\n    ps: 虽然我知道，大部分人都是来了**直接下载源代码**后就潇洒的离开，并且只有等到下次**突然想到**“我天~~我得去看看OneBlog这烂项目更新新功能了吗”的时候才会重新来到这儿，即使你重新来过，我估计你也只有两个选择：\r\n\r\n    发现更新代码了 --> 下载源码后重复上面的步骤\r\n    发现没更新代码 --> 直接关闭浏览器\r\n\r\n    虽然我知道现实就是如此的残酷，但我还是要以我萤虫之力对各位到来的同仁发出一声诚挚的嘶吼：\r\n\r\n    **如果喜欢，请多多分享！！多多Star！！fork可以，但还是请star一下！！**\r\n\r\n\r\n    ### 开发环境\r\n\r\n    | 工具    | 版本或描述                |\r\n    | ----- | -------------------- |\r\n    | OS    | Windows 7            |\r\n    | JDK   | 1.7+                 |\r\n    | IDE   | IntelliJ IDEA 2017.3 |\r\n    | Maven | 3.3.1                |\r\n    | MySQL | 5.6.4                |\r\n\r\n    ### 模块划分\r\n\r\n    | 模块         | 释义                      |\r\n    | ---------- | ----------------------- |\r\n    | blog-core  | 核心业务类模块，提供基本的数据操作、工具处理等 |\r\n    | blog-admin | 后台管理模块                  |\r\n    | blog-web   | 前台模块                    |\r\n\r\n\r\n    ### 技术栈\r\n\r\n    - Springboot 1.5.9\r\n    - Apache Shiro 1.2.2\r\n    - Logback\r\n    - Redis\r\n    - Lombok\r\n    - Websocket\r\n    - MySQL、Mybatis、Mapper、Pagehelper\r\n    - Freemarker\r\n    - Bootstrap 3.3.0\r\n    - wangEditor\r\n    - jQuery 1.11.1、jQuery Lazyload 1.9.7、fancybox、iCheck\r\n    - 阿里云OSS\r\n    - kaptcha\r\n    - Qiniu\r\n    - ...\r\n\r\n\r\n    ### 使用方法\r\n\r\n    1. 使用IDE导入本项目\r\n    2. 新建数据库`CREATE DATABASE dblog;`\r\n    3. 导入数据库`docs/db/dblog.sql`\r\n    4. 修改(`resources/application.yml`)配置文件\r\n    1. 数据库链接属性(可搜索`datasource`或定位到L.19)\r\n    2. redis配置(可搜索`redis`或定位到L.69)\r\n    3. mail配置(可搜索`mail`或定位到L.89)\r\n    4. 【[七牛云](http://qiniu.com)】配置(见sys_config表中qiniu_*开头的字段)\r\n    注：因为系统存在redis缓存，如果是第一次使用，可以直接修改sys_config表内容，如果不是第一次用，建议使用admin项目中的`系统配置`页面修改相关配置内容\r\n    5. 运行项目(三种方式)\r\n    1. 项目根目录下执行`mvn -X clean package -Dmaven.test.skip=true`编译打包，然后执行`java -jar target/blog-web.jar`\r\n    2. 项目根目录下执行`mvn springboot:run`\r\n    3. 直接运行`BlogWebApplication.java`\r\n    6. 浏览器访问`http://127.0.0.1:8443`\r\n\r\n\r\n    **后台用户**\r\n\r\n    _超级管理员_： 账号：root  密码：123456  （本地测试使用这个账号，admin没设置权限）\r\n\r\n    _普通管理员_： 账号：admin  密码：123456\r\n\r\n    _评论审核管理员_： 账号：comment-admin  密码：123456\r\n\r\n    注：后台用户的创建，尽可能做到**权限最小化**\r\n\r\n    更多详情，请参考【[Wiki](https://gitee.com/yadong.zhang/DBlog/wikis)】\r\n\r\n    ### 更新日志\r\n\r\n    2018-06-10\r\n\r\n    **修改功能：**\r\n\r\n    新增：\r\n    markdown版的编辑器、评论框\r\n    控制文章的评论框是否显示\r\n    修改密码功能\r\n    优化：相关页面进行优化\r\n\r\n    2018-06-05\r\n\r\n    **修改功能：**\r\n\r\n    修复： admin用户首页报错的问题\r\n\r\n    优化：\r\n    1. ROOT用户默认拥有所有权限\r\n    2. admin页面改为macro引用的方式\r\n    3. 登录界面\r\n    4. 日志记录\r\n\r\n    2018-05-25\r\n\r\n    **修改功能：**\r\n\r\n    1. 修复后台标签等分页失败的问题\r\n    2. 修复前台自动申请友链失败的问题\r\n    3. 其他一些问题\r\n\r\n\r\n    2018-05-22\r\n\r\n    **修改功能：**\r\n\r\n    1. 完善shiro权限（数据库、页面）。注：需要重新执行下`sys_resources`和`sys_role_resources`两张表的`insert`语句\r\n    2. redis配置默认不含密码（鉴于大多数朋友的redis都没有密码做此修改，不过本人 **强烈建议**设置下密码）\r\n\r\n    2018-05-18\r\n\r\n    **修复bug：**\r\n\r\n    1. web端自动申请友链后不显示的问题\r\n    2. config表修改后不能实时刷新的问题\r\n\r\n    **增加功能：**\r\n    1. 网站赞赏码\r\n    2. 百度推送功能(链接提交到百度站长平台)\r\n\r\n    **修改功能：**\r\n    1. 百度api的ak和百度推送的token以及七牛云的配置改为通过config表管理\r\n    3. admin模块菜单通过标签实时获取\r\n    3. 弹窗工具类js结构调整\r\n\r\n    你能看到这儿已经很不容易了，剩下的自己先摸索摸索吧，实在不行，加QQ群[190886500](http://shang.qq.com/wpa/qunwpa?idkey=9f986e9b33b1de953e1ef9a96cdeec990affd0ac7855e00ff103514de2027b60)，进群可以选择性的备注：~~欧巴群主我爱你~~(咳咳，鉴于部分群友的抗议，该备注就不用了)，麻烦大家换成：`我猜群主一定很帅`\r\n\r\n    ### 图片预览\r\n\r\n    **前台页面**\r\n    ![PC-首页](https://gitee.com/yadong.zhang/DBlog/raw/master/docs/img/pc-index.png?v=1.0)\r\n    ![PC-文章详情页](https://gitee.com/yadong.zhang/DBlog/raw/master/docs/img/pc-detail.png?v=1.0)\r\n    ![手机](https://gitee.com/yadong.zhang/DBlog/raw/master/docs/img/m.png?v=1.0)\r\n    **后台页面**\r\n    ![首页](https://gitee.com/yadong.zhang/DBlog/raw/master/docs/img/admin-index.png?v=1.0)\r\n    ![菜单](https://gitee.com/yadong.zhang/DBlog/raw/master/docs/img/admin-menu.png?v=1.0)\r\n    ![文章列表](https://gitee.com/yadong.zhang/DBlog/raw/master/docs/img/admin-articles.png?v=1.0)\r\n    ![发表文章](https://gitee.com/yadong.zhang/DBlog/raw/master/docs/img/admin-article2.png?v=1.0)\r\n    ![markdown版的编辑器](https://gitee.com/uploads/images/2018/0610/145228_06541ada_784199.png?v=1.0 \"markdown版的编辑器\")\r\n    ![角色列表](https://gitee.com/yadong.zhang/DBlog/raw/master/docs/img/admin-role.png?v=1.0)\r\n    ![角色分配](https://gitee.com/yadong.zhang/DBlog/raw/master/docs/img/admin-role2.png?v=1.0)\r\n\r\n\r\n    ### 生命不息，折腾不止！ 更多信息，请关注：\r\n    1. [我的博客](https://www.zhyd.me)\r\n    2. [我的微博](http://weibo.com/211230415)\r\n    3. [我的头条号](http://www.toutiao.com/c/user/3286958681/)\r\n    4. [我的mooc](http://www.imooc.com/u/1175248/articles)\r\n\r\n    ### 有任何问题可以\r\n    - [给我留言](https://www.zhyd.me/guestbook)\r\n\r\n\r\n    ### 开源协议\r\n\r\n    [MIT](https://gitee.com/yadong.zhang/OneBlog/blob/master/LICENSE)',0,'这是第24篇文章','2019-04-26 06:41:06','2019-04-14 13:13:21',1,1,0,NULL,0,0,''),(125,'test','    ## Try CommonMark\r\n\r\n    You can try CommonMark here.  This dingus is powered by\r\n    [commonmark.js](https://github.com/jgm/commonmark.js), the\r\n    JavaScript reference implementation.\r\n\r\n    1. item one\r\n    2. item two\r\n    - sublist\r\n    - sublist\r\n',0,'这是第25篇文章','2019-04-26 06:41:06','2019-04-14 13:13:21',1,1,0,NULL,0,0,''),(126,'test','    ## Try CommonMark\r\n\r\n    You can try CommonMark here.  This dingus is powered by\r\n    [commonmark.js](https://github.com/jgm/commonmark.js), the\r\n    JavaScript reference implementation.\r\n\r\n    1. item one\r\n    2. item two\r\n    - sublist\r\n    - sublist\r\n',0,'这是第26篇文章','2019-04-26 06:41:06','2019-04-14 13:13:21',1,1,0,NULL,0,0,''),(127,'test','哦哦对是哦',0,'这是第27篇文章','2019-04-14 13:13:17','2019-04-14 13:13:21',1,1,0,NULL,0,0,''),(128,'test','    ## Try CommonMark\r\n\r\n    You can try CommonMark here.  This dingus is powered by\r\n    [commonmark.js](https://github.com/jgm/commonmark.js), the\r\n    JavaScript reference implementation.\r\n\r\n    1. item one\r\n    2. item two\r\n    - sublist\r\n    - sublist\r\n',0,'这是第28篇文章','2019-04-26 06:41:06','2019-04-14 13:13:21',1,1,0,NULL,0,0,''),(129,'test','哦哦对是哦',0,'这是第29篇文章','2019-04-14 13:13:17','2019-04-14 13:13:21',1,1,0,NULL,0,0,''),(130,'test','哦哦对是哦',0,'这是第30篇文章','2019-04-14 13:13:17','2019-04-14 13:13:21',1,1,0,NULL,0,0,''),(131,'test','哦哦对是哦',0,'这是第31篇文章','2019-04-14 13:13:17','2019-04-14 13:13:21',1,1,0,NULL,0,0,''),(132,'test','哦哦对是哦',0,'这是第32篇文章','2019-04-14 13:13:17','2019-04-14 13:13:21',1,1,0,NULL,0,0,''),(133,'test','哦哦对是哦',0,'这是第33篇文章','2019-04-14 13:13:17','2019-04-14 13:13:21',1,1,0,NULL,0,0,''),(134,'test','# OneBlog简介\r\n    OneBlog是一款简洁美观、自适应的Java博客系统。使用springboot开发，前端使用Bootstrap。支持移动端自适应，配有完备的前台和后台管理功能。\r\n\r\n    **网站预览**\r\n\r\n    [https://www.zhyd.me](https://www.zhyd.me)\r\n\r\n    **开源地址**\r\n    1. [Gitee](https://gitee.com/yadong.zhang/DBlog)\r\n    2. [Github](https://github.com/zhangyd-c/DBlog)\r\n\r\n    ## 写在前面的话\r\n    ps: 虽然我知道，大部分人都是来了**直接下载源代码**后就潇洒的离开，并且只有等到下次**突然想到**“我天~~我得去看看OneBlog这烂项目更新新功能了吗”的时候才会重新来到这儿，即使你重新来过，我估计你也只有两个选择：\r\n\r\n    发现更新代码了 --> 下载源码后重复上面的步骤\r\n    发现没更新代码 --> 直接关闭浏览器\r\n\r\n    虽然我知道现实就是如此的残酷，但我还是要以我萤虫之力对各位到来的同仁发出一声诚挚的嘶吼：\r\n\r\n    **如果喜欢，请多多分享！！多多Star！！fork可以，但还是请star一下！！**\r\n\r\n\r\n    ### 开发环境\r\n\r\n    | 工具    | 版本或描述                |\r\n    | ----- | -------------------- |\r\n    | OS    | Windows 7            |\r\n    | JDK   | 1.7+                 |\r\n    | IDE   | IntelliJ IDEA 2017.3 |\r\n    | Maven | 3.3.1                |\r\n    | MySQL | 5.6.4                |\r\n\r\n    ### 模块划分\r\n\r\n    | 模块         | 释义                      |\r\n    | ---------- | ----------------------- |\r\n    | blog-core  | 核心业务类模块，提供基本的数据操作、工具处理等 |\r\n    | blog-admin | 后台管理模块                  |\r\n    | blog-web   | 前台模块                    |\r\n\r\n\r\n    ### 技术栈\r\n\r\n    - Springboot 1.5.9\r\n    - Apache Shiro 1.2.2\r\n    - Logback\r\n    - Redis\r\n    - Lombok\r\n    - Websocket\r\n    - MySQL、Mybatis、Mapper、Pagehelper\r\n    - Freemarker\r\n    - Bootstrap 3.3.0\r\n    - wangEditor\r\n    - jQuery 1.11.1、jQuery Lazyload 1.9.7、fancybox、iCheck\r\n    - 阿里云OSS\r\n    - kaptcha\r\n    - Qiniu\r\n    - ...\r\n\r\n\r\n    ### 使用方法\r\n\r\n    1. 使用IDE导入本项目\r\n    2. 新建数据库`CREATE DATABASE dblog;`\r\n    3. 导入数据库`docs/db/dblog.sql`\r\n    4. 修改(`resources/application.yml`)配置文件\r\n    1. 数据库链接属性(可搜索`datasource`或定位到L.19)\r\n    2. redis配置(可搜索`redis`或定位到L.69)\r\n    3. mail配置(可搜索`mail`或定位到L.89)\r\n    4. 【[七牛云](http://qiniu.com)】配置(见sys_config表中qiniu_*开头的字段)\r\n    注：因为系统存在redis缓存，如果是第一次使用，可以直接修改sys_config表内容，如果不是第一次用，建议使用admin项目中的`系统配置`页面修改相关配置内容\r\n    5. 运行项目(三种方式)\r\n    1. 项目根目录下执行`mvn -X clean package -Dmaven.test.skip=true`编译打包，然后执行`java -jar target/blog-web.jar`\r\n    2. 项目根目录下执行`mvn springboot:run`\r\n    3. 直接运行`BlogWebApplication.java`\r\n    6. 浏览器访问`http://127.0.0.1:8443`\r\n\r\n\r\n    **后台用户**\r\n\r\n    _超级管理员_： 账号：root  密码：123456  （本地测试使用这个账号，admin没设置权限）\r\n\r\n    _普通管理员_： 账号：admin  密码：123456\r\n\r\n    _评论审核管理员_： 账号：comment-admin  密码：123456\r\n\r\n    注：后台用户的创建，尽可能做到**权限最小化**\r\n\r\n    更多详情，请参考【[Wiki](https://gitee.com/yadong.zhang/DBlog/wikis)】\r\n\r\n    ### 更新日志\r\n\r\n    2018-06-10\r\n\r\n    **修改功能：**\r\n\r\n    新增：\r\n    markdown版的编辑器、评论框\r\n    控制文章的评论框是否显示\r\n    修改密码功能\r\n    优化：相关页面进行优化\r\n\r\n    2018-06-05\r\n\r\n    **修改功能：**\r\n\r\n    修复： admin用户首页报错的问题\r\n\r\n    优化：\r\n    1. ROOT用户默认拥有所有权限\r\n    2. admin页面改为macro引用的方式\r\n    3. 登录界面\r\n    4. 日志记录\r\n\r\n    2018-05-25\r\n\r\n    **修改功能：**\r\n\r\n    1. 修复后台标签等分页失败的问题\r\n    2. 修复前台自动申请友链失败的问题\r\n    3. 其他一些问题\r\n\r\n\r\n    2018-05-22\r\n\r\n    **修改功能：**\r\n\r\n    1. 完善shiro权限（数据库、页面）。注：需要重新执行下`sys_resources`和`sys_role_resources`两张表的`insert`语句\r\n    2. redis配置默认不含密码（鉴于大多数朋友的redis都没有密码做此修改，不过本人 **强烈建议**设置下密码）\r\n\r\n    2018-05-18\r\n\r\n    **修复bug：**\r\n\r\n    1. web端自动申请友链后不显示的问题\r\n    2. config表修改后不能实时刷新的问题\r\n\r\n    **增加功能：**\r\n    1. 网站赞赏码\r\n    2. 百度推送功能(链接提交到百度站长平台)\r\n\r\n    **修改功能：**\r\n    1. 百度api的ak和百度推送的token以及七牛云的配置改为通过config表管理\r\n    3. admin模块菜单通过标签实时获取\r\n    3. 弹窗工具类js结构调整\r\n\r\n    你能看到这儿已经很不容易了，剩下的自己先摸索摸索吧，实在不行，加QQ群[190886500](http://shang.qq.com/wpa/qunwpa?idkey=9f986e9b33b1de953e1ef9a96cdeec990affd0ac7855e00ff103514de2027b60)，进群可以选择性的备注：~~欧巴群主我爱你~~(咳咳，鉴于部分群友的抗议，该备注就不用了)，麻烦大家换成：`我猜群主一定很帅`\r\n\r\n    ### 图片预览\r\n\r\n    **前台页面**\r\n    ![PC-首页](https://gitee.com/yadong.zhang/DBlog/raw/master/docs/img/pc-index.png?v=1.0)\r\n    ![PC-文章详情页](https://gitee.com/yadong.zhang/DBlog/raw/master/docs/img/pc-detail.png?v=1.0)\r\n    ![手机](https://gitee.com/yadong.zhang/DBlog/raw/master/docs/img/m.png?v=1.0)\r\n    **后台页面**\r\n    ![首页](https://gitee.com/yadong.zhang/DBlog/raw/master/docs/img/admin-index.png?v=1.0)\r\n    ![菜单](https://gitee.com/yadong.zhang/DBlog/raw/master/docs/img/admin-menu.png?v=1.0)\r\n    ![文章列表](https://gitee.com/yadong.zhang/DBlog/raw/master/docs/img/admin-articles.png?v=1.0)\r\n    ![发表文章](https://gitee.com/yadong.zhang/DBlog/raw/master/docs/img/admin-article2.png?v=1.0)\r\n    ![markdown版的编辑器](https://gitee.com/uploads/images/2018/0610/145228_06541ada_784199.png?v=1.0 \"markdown版的编辑器\")\r\n    ![角色列表](https://gitee.com/yadong.zhang/DBlog/raw/master/docs/img/admin-role.png?v=1.0)\r\n    ![角色分配](https://gitee.com/yadong.zhang/DBlog/raw/master/docs/img/admin-role2.png?v=1.0)\r\n\r\n\r\n    ### 生命不息，折腾不止！ 更多信息，请关注：\r\n    1. [我的博客](https://www.zhyd.me)\r\n    2. [我的微博](http://weibo.com/211230415)\r\n    3. [我的头条号](http://www.toutiao.com/c/user/3286958681/)\r\n    4. [我的mooc](http://www.imooc.com/u/1175248/articles)\r\n\r\n    ### 有任何问题可以\r\n    - [给我留言](https://www.zhyd.me/guestbook)\r\n\r\n\r\n    ### 开源协议\r\n\r\n    [MIT](https://gitee.com/yadong.zhang/OneBlog/blob/master/LICENSE)',0,'这是第34篇文章','2019-04-26 06:41:06','2019-04-14 13:13:21',1,1,0,NULL,0,0,''),(135,'test','哦哦对是哦',0,'这是第35篇文章','2019-04-14 13:13:17','2019-04-14 13:13:21',1,1,0,NULL,0,0,''),(136,'test','哦哦对是哦',0,'这是第36篇文章','2019-04-14 13:13:17','2019-04-14 13:13:21',1,1,0,NULL,0,0,''),(137,'test','哦哦对是哦',0,'这是第37篇文章','2019-04-14 13:13:17','2019-04-14 13:13:21',1,1,0,NULL,0,0,''),(138,'test','哦哦对是哦',0,'这是第38篇文章','2019-04-14 13:13:17','2019-04-14 13:13:21',1,1,0,NULL,0,0,''),(139,'test','哦哦对是哦',0,'这是第39篇文章','2019-04-14 13:13:17','2019-04-14 13:13:21',1,1,0,NULL,0,0,''),(140,'test','哦哦对是哦',0,'这是第40篇文章','2019-04-23 10:10:04','2019-04-14 13:13:21',1,1,0,NULL,100,0,''),(141,'test','哦哦对是哦',0,'这是第41篇文章','2019-04-23 10:10:04','2019-04-14 13:13:21',1,1,0,NULL,345,0,''),(142,'test','哦哦对是哦',0,'这是第42篇文章','2019-04-23 10:10:04','2019-04-14 13:13:21',1,1,0,NULL,23,0,''),(143,'test','哦哦对是哦',0,'这是第43篇文章','2019-04-23 10:10:04','2019-04-14 13:13:21',1,1,0,NULL,32145,0,''),(144,'test','哦哦对是哦',0,'这是第44篇文章','2019-04-23 10:10:04','2019-04-14 13:13:21',1,1,0,NULL,536,0,''),(145,'test','哦哦对是哦',0,'这是第45篇文章','2019-04-23 10:10:04','2019-04-14 13:13:21',1,1,0,NULL,67,0,''),(146,'test','哦哦对是哦',0,'这是第46篇文章','2019-04-23 10:10:04','2019-04-14 13:13:21',1,1,0,NULL,34,0,''),(147,'test','哦哦对是哦',0,'这是第47篇文章','2019-04-23 10:10:04','2019-04-14 13:13:21',1,1,0,NULL,12745,0,''),(148,'test','哦哦对是哦',0,'这是第48篇文章','2019-04-23 10:10:04','2019-04-14 13:13:21',1,1,0,NULL,245,0,''),(149,'test','哦哦对是哦',0,'这是第49篇文章','2019-04-23 10:10:04','2019-04-14 13:13:21',1,1,0,NULL,5634,0,''),(150,'test','哦哦对是哦',0,'这是第50篇文章','2019-04-23 10:10:04','2019-04-14 13:13:21',1,1,0,NULL,236,0,''),(151,'test','哦哦对是哦',0,'这是第51篇文章','2019-04-23 10:10:04','2019-04-14 13:13:21',1,1,0,NULL,457,0,''),(152,'test','哦哦对是哦',0,'这是第52篇文章','2019-04-23 10:10:04','2019-04-14 13:13:21',1,1,0,NULL,47272,0,''),(153,'test','哦哦对是哦',0,'这是第53篇文章','2019-04-23 10:10:04','2019-04-14 13:13:21',1,1,0,NULL,3457,0,''),(154,'test','哦哦对是哦',0,'这是第54篇文章','2019-04-23 10:10:04','2019-04-14 13:13:21',1,1,0,NULL,23,0,''),(155,'test','哦哦对是哦',0,'这是第55篇文章','2019-04-14 13:13:17','2019-04-14 13:13:21',1,1,0,NULL,0,0,''),(156,'test','哦哦对是哦',0,'这是第56篇文章','2019-04-14 13:13:17','2019-04-14 13:13:21',1,1,0,NULL,0,0,''),(157,'test','哦哦对是哦',0,'这是第57篇文章','2019-04-14 13:13:17','2019-04-14 13:13:21',1,1,0,NULL,0,0,''),(158,'test','哦哦对是哦',0,'这是第58篇文章','2019-04-14 13:13:17','2019-04-14 13:13:21',1,1,0,NULL,0,0,''),(159,'test','哦哦对是哦',0,'这是第59篇文章','2019-04-14 13:13:17','2019-04-14 13:13:21',1,1,0,NULL,0,0,''),(160,'test','哦哦对是哦',0,'这是第60篇文章','2019-04-14 13:13:17','2019-04-14 13:13:21',1,1,0,NULL,0,0,''),(161,'test','哦哦对是哦',0,'这是第61篇文章','2019-04-14 13:13:17','2019-04-14 13:13:21',1,1,0,NULL,0,0,''),(162,'test','哦哦对是哦',0,'这是第62篇文章','2019-04-14 13:13:17','2019-04-14 13:13:21',1,1,0,NULL,0,0,''),(163,'test','哦哦对是哦',0,'这是第63篇文章','2019-04-14 13:13:17','2019-04-14 13:13:21',1,1,0,NULL,0,0,''),(164,'test','哦哦对是哦',0,'这是第64篇文章','2019-04-14 13:13:17','2019-04-14 13:13:21',1,1,0,NULL,0,0,''),(165,'test','哦哦对是哦',0,'这是第65篇文章','2019-04-14 13:13:17','2019-04-14 13:13:21',1,1,0,NULL,0,0,''),(166,'test','哦哦对是哦',0,'这是第66篇文章','2019-04-14 13:13:17','2019-04-14 13:13:21',1,1,0,NULL,0,0,''),(167,'test','哦哦对是哦',0,'这是第67篇文章','2019-04-14 13:13:17','2019-04-14 13:13:21',1,1,0,NULL,0,0,''),(168,'test','哦哦对是哦',0,'这是第68篇文章','2019-04-14 13:13:17','2019-04-14 13:13:21',1,1,0,NULL,0,0,''),(169,'test','哦哦对是哦',0,'这是第69篇文章','2019-04-14 13:13:17','2019-04-14 13:13:21',1,1,0,NULL,0,0,''),(170,'test','哦哦对是哦',0,'这是第70篇文章','2019-04-14 13:13:17','2019-04-14 13:13:21',1,1,0,NULL,0,0,''),(171,'test','哦哦对是哦',0,'这是第71篇文章','2019-04-14 13:13:17','2019-04-14 13:13:21',1,1,0,NULL,0,0,''),(172,'test','哦哦对是哦',0,'这是第72篇文章','2019-04-14 13:13:17','2019-04-14 13:13:21',1,1,0,NULL,0,0,''),(173,'test','哦哦对是哦',0,'这是第73篇文章','2019-04-14 13:13:17','2019-04-14 13:13:21',1,1,0,NULL,0,0,''),(174,'test','哦哦对是哦',0,'这是第74篇文章','2019-04-14 13:13:17','2019-04-14 13:13:21',1,1,0,NULL,0,0,''),(175,'test','哦哦对是哦',0,'这是第75篇文章','2019-04-14 13:13:17','2019-04-14 13:13:21',1,1,0,NULL,0,0,''),(176,'test','哦哦对是哦',0,'这是第76篇文章','2019-04-14 13:13:17','2019-04-14 13:13:21',1,1,0,NULL,0,0,''),(177,'test','哦哦对是哦',0,'这是第77篇文章','2019-04-14 13:13:17','2019-04-14 13:13:21',1,1,0,NULL,0,0,''),(178,'test','哦哦对是哦',0,'这是第78篇文章','2019-04-14 13:13:17','2019-04-14 13:13:21',1,1,0,NULL,0,0,''),(179,'test','哦哦对是哦',0,'这是第79篇文章','2019-04-14 13:13:17','2019-04-14 13:13:21',1,1,0,NULL,0,0,''),(180,'test','哦哦对是哦',0,'这是第80篇文章','2019-04-14 13:13:17','2019-04-14 13:13:21',1,1,0,NULL,0,0,''),(181,'test','哦哦对是哦',0,'这是第81篇文章','2019-04-14 13:13:17','2019-04-14 13:13:21',1,1,0,NULL,0,0,''),(182,'test','哦哦对是哦',0,'这是第82篇文章','2019-04-14 13:13:17','2019-04-14 13:13:21',1,1,0,NULL,0,0,''),(183,'test','哦哦对是哦',0,'这是第83篇文章','2019-04-14 13:13:17','2019-04-14 13:13:21',1,1,0,NULL,0,0,''),(184,'test','哦哦对是哦',0,'这是第84篇文章','2019-04-14 13:13:17','2019-04-14 13:13:21',1,1,0,NULL,0,0,''),(185,'test','哦哦对是哦',0,'这是第85篇文章','2019-04-14 13:13:17','2019-04-14 13:13:21',1,1,0,NULL,0,0,''),(186,'test','哦哦对是哦',0,'这是第86篇文章','2019-04-14 13:13:17','2019-04-14 13:13:21',1,1,0,NULL,0,0,''),(187,'test','哦哦对是哦',0,'这是第87篇文章','2019-04-14 13:13:17','2019-04-14 13:13:21',1,1,0,NULL,0,0,''),(188,'test','哦哦对是哦',0,'这是第88篇文章','2019-04-14 13:13:17','2019-04-14 13:13:21',1,1,0,NULL,0,0,''),(189,'test','哦哦对是哦',0,'这是第89篇文章','2019-04-14 13:13:17','2019-04-14 13:13:21',1,1,0,NULL,0,0,''),(190,'test','哦哦对是哦',0,'这是第90篇文章','2019-04-14 13:13:17','2019-04-14 13:13:21',1,1,0,NULL,0,0,''),(191,'test','哦哦对是哦',0,'这是第91篇文章','2019-04-14 13:13:17','2019-04-14 13:13:21',1,1,0,NULL,0,0,''),(192,'test','哦哦对是哦',0,'这是第92篇文章','2019-04-14 13:13:17','2019-04-14 13:13:21',1,1,0,NULL,0,0,''),(193,'test','哦哦对是哦',0,'这是第93篇文章','2019-04-14 13:13:17','2019-04-14 13:13:21',1,1,0,NULL,0,0,''),(194,'test','哦哦对是哦',0,'这是第94篇文章','2019-04-14 13:13:17','2019-04-14 13:13:21',1,1,0,NULL,0,0,''),(195,'test','哦哦对是哦',0,'这是第95篇文章','2019-04-14 13:13:17','2019-04-14 13:13:21',1,1,0,NULL,0,0,''),(196,'test','哦哦对是哦',0,'这是第96篇文章','2019-04-14 13:13:17','2019-04-14 13:13:21',1,1,0,NULL,0,0,''),(197,'test','哦哦对是哦',0,'这是第97篇文章','2019-04-14 13:13:17','2019-04-14 13:13:21',1,1,0,NULL,0,0,''),(198,'test','哦哦对是哦',0,'这是第98篇文章','2019-04-14 13:13:17','2019-04-14 13:13:21',1,1,0,NULL,0,0,''),(199,'test','哦哦对是哦',0,'这是第99篇文章','2019-04-14 13:13:17','2019-04-14 13:13:21',1,1,0,NULL,0,0,''),(200,'test','哦哦对是哦',0,'这是第100篇文章','2019-04-14 13:13:17','2019-04-14 13:13:21',1,1,0,NULL,0,0,''),(201,'插入时间','怎得是 士大夫',0,NULL,'2019-04-20 15:38:05','2019-04-20 15:37:56',1,0,0,NULL,0,0,''),(202,'可以的','士大夫士大夫啊',0,NULL,'2019-04-20 15:43:39','2019-04-20 15:39:14',1,0,0,0,0,0,''),(204,'已发布','是不是已发布',0,'有描述',NULL,NULL,9,1,NULL,NULL,NULL,NULL,''),(205,'md转html111','# Intro\nGo ahead, play around with the editor! Be sure to check out **bold** and *italic* styling, or even [links](https://google.com). You can type the Markdown syntax, use the toolbar, or use shortcuts like `cmd-b` or `ctrl-b`.\n\n## Lists\nUnordered lists can be started using the toolbar or by typing `* `, `- `, or `  `. Ordered lists can be started by typing `1. `.\n\n#### Unordered\n* Lists are a piece of cake\n* They even auto continue as you type\n* A double enter will end them\n* Tabs and shift-tabs work too\n\n#### Ordered\n1. Numbered lists...\n2. ...work too!\n\n## What about images?\n![Yes](https://i.imgur.com/sZlktY7.png)',0,'阿斯蒂芬',NULL,NULL,7,1,NULL,NULL,NULL,NULL,''),(206,'md转html222','# Intro\nGo ahead, play around with the editor! Be sure to check out **bold** and *italic* styling, or even [links](https://google.com). You can type the Markdown syntax, use the toolbar, or use shortcuts like `cmd-b` or `ctrl-b`.\n\n## Lists\nUnordered lists can be started using the toolbar or by typing `* `, `- `, or `  `. Ordered lists can be started by typing `1. `.\n\n#### Unordered\n* Lists are a piece of cake\n* They even auto continue as you type\n* A double enter will end them\n* Tabs and shift-tabs work too\n\n#### Ordered\n1. Numbered lists...\n2. ...work too!\n\n## What about images?\n![Yes](https://i.imgur.com/sZlktY7.png)',0,'阿斯',NULL,NULL,11,1,1,NULL,NULL,NULL,'<h1><a href=\"#intro\" name=\"intro\"></a>Intro</h1>\n<p>Go ahead, play around with the editor! Be sure to check out <strong>bold</strong> and <em>italic</em> styling, or even <a href=\"https://google.com\">links</a>. You can type the Markdown syntax, use the toolbar, or use shortcuts like <code>cmd-b</code> or <code>ctrl-b</code>.</p>\n<h2><a href=\"#lists\" name=\"lists\"></a>Lists</h2>\n<p>Unordered lists can be started using the toolbar or by typing <code>*</code>, <code>-</code>, or ` <code>. Ordered lists can be started by typing</code>1. `.</p>\n<h4><a href=\"#unordered\" name=\"unordered\"></a>Unordered</h4>\n<ul>\n  <li>Lists are a piece of cake</li>\n  <li>They even auto continue as you type</li>\n  <li>A double enter will end them</li>\n  <li>Tabs and shift-tabs work too</li>\n</ul>\n<h4><a href=\"#ordered\" name=\"ordered\"></a>Ordered</h4>\n<ol>\n  <li>Numbered lists&hellip;</li>\n  <li>&hellip;work too!</li>\n</ol>\n<h2><a href=\"#what-about-images-\" name=\"what-about-images-\"></a>What about images?</h2>\n<p><img src=\"https://i.imgur.com/sZlktY7.png\" alt=\"Yes\" /></p>');
/*!40000 ALTER TABLE `article` ENABLE KEYS */;
UNLOCK TABLES;

--
-- Table structure for table `article_tag`
--

DROP TABLE IF EXISTS `article_tag`;
/*!40101 SET @saved_cs_client     = @@character_set_client */;
/*!40101 SET character_set_client = utf8 */;
CREATE TABLE `article_tag` (
  `id` int(11) NOT NULL AUTO_INCREMENT,
  `aid` int(11) NOT NULL,
  `tid` int(11) NOT NULL,
  PRIMARY KEY (`id`)
) ENGINE=InnoDB AUTO_INCREMENT=9 DEFAULT CHARSET=utf8;
/*!40101 SET character_set_client = @saved_cs_client */;

--
-- Dumping data for table `article_tag`
--

LOCK TABLES `article_tag` WRITE;
/*!40000 ALTER TABLE `article_tag` DISABLE KEYS */;
INSERT INTO `article_tag` VALUES (1,110,2),(4,204,2),(5,205,2),(6,205,4),(7,206,4),(8,206,5);
/*!40000 ALTER TABLE `article_tag` ENABLE KEYS */;
UNLOCK TABLES;

--
-- Table structure for table `comment`
--

DROP TABLE IF EXISTS `comment`;
/*!40101 SET @saved_cs_client     = @@character_set_client */;
/*!40101 SET character_set_client = utf8 */;
CREATE TABLE `comment` (
  `id` int(22) unsigned NOT NULL AUTO_INCREMENT,
  `username` varchar(255) NOT NULL,
  `description` varchar(255) DEFAULT NULL,
  `aid` int(22) unsigned zerofill NOT NULL,
  `createTime` timestamp NULL DEFAULT CURRENT_TIMESTAMP ON UPDATE CURRENT_TIMESTAMP,
  `updateTime` timestamp NULL DEFAULT CURRENT_TIMESTAMP,
  `content` varchar(255) DEFAULT NULL,
  `email` varchar(255) NOT NULL,
  `pid` int(22) NOT NULL,
  `status` int(10) unsigned DEFAULT '0',
  PRIMARY KEY (`id`)
) ENGINE=InnoDB DEFAULT CHARSET=utf8mb4;
/*!40101 SET character_set_client = @saved_cs_client */;

--
-- Dumping data for table `comment`
--

LOCK TABLES `comment` WRITE;
/*!40000 ALTER TABLE `comment` DISABLE KEYS */;
/*!40000 ALTER TABLE `comment` ENABLE KEYS */;
UNLOCK TABLES;

--
-- Table structure for table `tag`
--

DROP TABLE IF EXISTS `tag`;
/*!40101 SET @saved_cs_client     = @@character_set_client */;
/*!40101 SET character_set_client = utf8 */;
CREATE TABLE `tag` (
  `id` int(22) unsigned NOT NULL AUTO_INCREMENT,
  `name` varchar(255) NOT NULL,
  `description` varchar(255) DEFAULT NULL,
  `createTime` timestamp NULL DEFAULT CURRENT_TIMESTAMP ON UPDATE CURRENT_TIMESTAMP,
  `updateTime` timestamp NULL DEFAULT CURRENT_TIMESTAMP,
  `status` int(10) unsigned zerofill DEFAULT NULL,
  PRIMARY KEY (`id`)
) ENGINE=InnoDB AUTO_INCREMENT=7 DEFAULT CHARSET=utf8mb4;
/*!40101 SET character_set_client = @saved_cs_client */;

--
-- Dumping data for table `tag`
--

LOCK TABLES `tag` WRITE;
/*!40000 ALTER TABLE `tag` DISABLE KEYS */;
INSERT INTO `tag` VALUES (1,'Linux',NULL,NULL,NULL,NULL),(2,'Java',NULL,NULL,NULL,NULL),(3,'Spring',NULL,NULL,NULL,NULL),(4,'Spring Boot',NULL,NULL,NULL,NULL),(5,'并发',NULL,NULL,NULL,NULL),(6,'怎么说','阿斯蒂芬',NULL,NULL,NULL);
/*!40000 ALTER TABLE `tag` ENABLE KEYS */;
UNLOCK TABLES;

--
-- Table structure for table `type`
--

DROP TABLE IF EXISTS `type`;
/*!40101 SET @saved_cs_client     = @@character_set_client */;
/*!40101 SET character_set_client = utf8 */;
CREATE TABLE `type` (
  `id` int(22) unsigned NOT NULL AUTO_INCREMENT,
  `name` varchar(255) NOT NULL,
  `description` varchar(255) DEFAULT NULL,
  `pid` int(22) unsigned NOT NULL,
  `createTime` timestamp NULL DEFAULT CURRENT_TIMESTAMP ON UPDATE CURRENT_TIMESTAMP,
  `updateTime` timestamp NULL DEFAULT CURRENT_TIMESTAMP,
  `order` int(10) unsigned DEFAULT '0',
  PRIMARY KEY (`id`)
) ENGINE=InnoDB AUTO_INCREMENT=18 DEFAULT CHARSET=utf8mb4;
/*!40101 SET character_set_client = @saved_cs_client */;

--
-- Dumping data for table `type`
--

LOCK TABLES `type` WRITE;
/*!40000 ALTER TABLE `type` DISABLE KEYS */;
INSERT INTO `type` VALUES (1,'前端技术','没啥描述',0,'2019-04-23 03:24:50',NULL,10),(2,'后端技术',NULL,0,'2019-04-23 03:24:50',NULL,20),(3,'服务器',NULL,0,'2019-04-23 03:24:50',NULL,30),(4,'CSS',NULL,1,NULL,NULL,NULL),(5,'JS',NULL,1,NULL,NULL,NULL),(6,'VUE',NULL,1,NULL,NULL,NULL),(7,'Spring Boot',NULL,2,NULL,NULL,NULL),(8,'Java',NULL,2,NULL,NULL,NULL),(9,'并发',NULL,2,NULL,NULL,NULL),(10,'Linux',NULL,3,NULL,NULL,NULL),(11,'Shell',NULL,3,NULL,NULL,NULL),(12,'岁的法国',NULL,1,'2019-04-18 02:40:09','2019-04-18 02:40:09',NULL),(17,'首页',NULL,0,'2019-04-23 03:23:01','2019-04-23 03:23:01',0);
/*!40000 ALTER TABLE `type` ENABLE KEYS */;
UNLOCK TABLES;

--
-- Table structure for table `user`
--

DROP TABLE IF EXISTS `user`;
/*!40101 SET @saved_cs_client     = @@character_set_client */;
/*!40101 SET character_set_client = utf8 */;
CREATE TABLE `user` (
  `id` int(22) unsigned NOT NULL AUTO_INCREMENT,
  `username` varchar(255) NOT NULL,
  `password` varchar(255) NOT NULL,
  PRIMARY KEY (`id`)
) ENGINE=InnoDB DEFAULT CHARSET=utf8mb4;
/*!40101 SET character_set_client = @saved_cs_client */;

--
-- Dumping data for table `user`
--

LOCK TABLES `user` WRITE;
/*!40000 ALTER TABLE `user` DISABLE KEYS */;
/*!40000 ALTER TABLE `user` ENABLE KEYS */;
UNLOCK TABLES;
/*!40103 SET TIME_ZONE=@OLD_TIME_ZONE */;

/*!40101 SET SQL_MODE=@OLD_SQL_MODE */;
/*!40014 SET FOREIGN_KEY_CHECKS=@OLD_FOREIGN_KEY_CHECKS */;
/*!40014 SET UNIQUE_CHECKS=@OLD_UNIQUE_CHECKS */;
/*!40101 SET CHARACTER_SET_CLIENT=@OLD_CHARACTER_SET_CLIENT */;
/*!40101 SET CHARACTER_SET_RESULTS=@OLD_CHARACTER_SET_RESULTS */;
/*!40101 SET COLLATION_CONNECTION=@OLD_COLLATION_CONNECTION */;
/*!40111 SET SQL_NOTES=@OLD_SQL_NOTES */;

-- Dump completed on 2019-04-26 20:06:07
